CERTIFICATIONID,MATCHING_GRANT_NAME,JUSTICE,TREASURY
"163,468",Bullet Proof Vest,"23,298",
"163,397",COMMUNITY ORIENTED POLICING SERVICES (COPS) HIRING PROGRAM,,"20,392"
"163,201",Bulletproof Vest Partnership Program Grant,"7,102",
"162,958",Byrne Justice Assistance Grant 13-DJ-01-003,"14,000",
"162,867",Bullet Proof Vest Partnership Grant,890,
"162,721",US DOJ BULLET PROOF VEST PROGRAM,950,
"162,324",Suburban Middlesex Drug Task Force - Edward Byrne Grant Program,"1,322",
"161,899",Byrne Jag Grant #13-H1223LO12,,484
"161,602",BYRNE DC-14-014,"26,089",
"161,544",HIDTA Columbia Task Force Grant (HID14HC),"19,831",
"161,544",HIDTA Hazard Task Force Grant (HID14HH),"3,812",
"161,496",Office of Criminal Justice,"34,611",
"161,451",COPS Technology Grant,"37,016",
"161,436",Arizona Criminal Justice Commission,"14,264","129,393"
"161,317","DRUG-FREE COMMUNITIES SUPPORT GRANT - funded through the Office of National Drug Control Policy, Grant #:  SP019864-02. Awarded to Substance Abuse Task Force in Rural Appalachia (S.A.T.I.R.A.)","41,751",
"161,181",REIMB#2-08-94-2119,,"204,631"
"161,150",Edward Bryne Justice Assistance Grant 13-DJ-01-025,"20,000",
"161,134",GOVERNORS CRIME COMMISSION - DRUG DIVERSION INITIATIVE GRANT,"19,132",
"161,123",Governor Highway Safety Program Grants 25% Match,,"10,385"
"161,097",BVP,,"2,610"
"161,097",Livescan Replacement & Upgrade,,"6,555"
"161,097",Susteen,,"1,512"
"161,049",Edward Byrne Memorial Justice Assistance Grant,"82,884",
"160,994",Edward Byrne Memorial Justice Assistance Grant (JAG),"152,381",
"160,994",State JAG,"17,001",
"160,948","Match for Gang Reduction Program, Badges for Baseball, and Forensic Evidence non-  personnel costs only.",,"15,185"
"160,902",DCJS  Crime Analysis Unit Revitalization Grant #14-A2880AD12,"3,413",
"160,902",US DOJ 2012 COPS Hiring Program Grant #2012ULWX0034,"25,468",
"160,811",Cruiser Video System; Maine Bureau of Highway Safety 50% match,,"4,720"
"160,776",2011 Combating Prescription Drug Diversion,"26,916",
"160,776",2013 Combating Prescription Drug Diversion,"1,626",
"160,776",Homeland Security Intel Analysis,"11,122",
"160,776",ISAAC Fusion Center 2012,"22,423",
"160,678",Governor's Highway Safety Program-DWI/Seat Belt Enforcement,"8,960",
"160,666",DHS FEMA Port Security Grant (25%),"45,156",
"160,604",Bulletproof Vest Matching Grant  Funds,401,
"160,472",ACJC AWARD DC-14-019,"6,998","12,765"
"160,459",Bomb Squad / SOD Tactical (46515),,"32,365"
"160,459",Human Trafficking Grant (27729),"3,650",
"160,414","Jackson County SART, VAWA Grant","4,000",
"160,217","Safe Street Grants, Gov. Highway Safety","2,318",
"160,213",Byrne-JAG,"167,383",
"160,206",LiveScan Grant,"7,408",
"160,156",BJ-JAG; Governor's Crime Commission; Governor&apos;s Highway Safety,"14,320",
"160,114",Port Security Grant Program,"17,864",
"159,941",Eagle/JAG,"4,792",
"159,913",STOP Grant,"48,596",
"159,689",BYRNE/JAG Grant,"13,811",
"159,569",Target and Blue Law Enforcement Grant #2930PSGP-FOCUS - Weapon Light System,"1,475",
"159,547",JAG,"3,725",
"159,532",Byrne/JAG Matching Grant,"12,168",
"159,399",Victim Assistance Program 2013-VA-01/02/04-1695,"4,412",
"159,399",Victim Assistance Program C12-7-016,819,
"158,995",CY2013 JAG GRANT / DLEF GRANT,"2,198",
"158,894","JAG (Justice Assistance Grant) Multi-Jurisdictional Drug-Gang Task Force Participation.  WSP Contract #C140072FED, Authorized through the Washington State Department of Commerce","336,147","6,860"
"158,592",2012UMWX0171,"17,888",
"158,224",KCIP,"181,227",
"158,215",BPV/NCHighway Safety/NCGCC,"39,679",
"158,081",Bullet Proof Vest Partnership,"15,773",
"157,606",Susteen Cell Phone Forensic Software Grant,"1,599",
"157,515",Technology Improvement Grant 2012-JG-LLE-5108,,"9,048"
"157,080",Lawrence Drug & Major Crime Task Force,477,
"156,909",LEF 2012-DL-LEF-5812,"66,453",
"156,851",METRICH Match,"1,072",
"156,765",Law Enforcement Block Grant 2011-JG-LLE-5108,"10,000",
"156,721",BJA -BULLETPROOF VEST PARTNERSHIP,"3,259",
"156,605",Port Security - Communications,"6,285",
"156,605",Port Security - Electronic Surveillance Equipment,"5,000",
"156,605",Port Security - Solar Message Center,"6,188",
"156,605",Port Security - Tactical Equipment,"5,754",
"156,605",Port Security - Travel/Training,,434
"156,605",Port Security - Vehicles and Outfitting,"30,708","107,257"
"155,747",Greene County ACE Drug Task Force,"10,500",
"155,706",Port Security Grant 2012-2014,,"47,892"
"155,699",DRUG LAW ENFORCEMENT GRANT (OH DEPT OF PUBLIC SAFETY),"53,033",
"155,699",JUSTICE ASSISTANCE GRANT (OH DEPT OF PUBLIC SAFETY),"22,129",
"155,622",Buffer Zone Protection Grant,"106,219",
"155,560",Bulletproof Vest Partnership,"3,962",
"155,508",Crime Documentation 2012-JG-A02-6957,"3,667",
"155,508",Enhancing Officer Safety 2012-JG-LLE-5266,929,
"155,508",Officer Safety & Support Project 2011-JG-LLE-5857,"1,320",
"155,491",METRICH Grant Match,609,
"155,437",MISSOURI DEPARTMENT OF PUBLIC SAFETY (JAG),"40,274",
"155,421",EMPG Grant - Radio,"10,590",
"155,293",MUSTANG JAG GRANT 2013,"8,594",
"155,270",FY2010 Seaport Security Grant  (Bomb Truck and Robot),"135,617",
"155,257",Edward Byrne Memorial Justice Assistance Grant #2012-JAG-021,"36,813",
"155,190",COPS Matching Funds,"219,836",
"155,148",RUFF Drug Task Force Matching Funds,"4,000",
"155,126",F.D.A. Tobacco Compliance Checks Grant,300,
"155,126","State of Rhode Island Public Safety Grant Administration Office, Edward Byrne/Justice Assistance Grant Formula Grant Program (JAG Grant)-Used for Blue Line Corp Firearms Training","7,430",
"155,126",Verizon Wireless ipads,"4,849",
"155,040",Summit County Drug Unit #2012-JG-A01-6401,"24,131",
"154,753","Flint Area Narcotics Group ""FANG&quot; Byrne Memorial Grant","33,926",
"154,729",Border Prosecution Unit,227,
"154,729",Violence Against Women,,"11,596"
"154,699",BULLETT PROOF VESTS GRANT,"3,363",
"154,549",COPS Grant,"46,685",
"154,549",VAWA Grant Domestic Violence Liaison Officer,,"1,287"
"154,329",Bullet Proof Vest Grant - Matching Funds,"9,197",
"154,299",2009 Port Security Grant - Lenco Armored Vehicle,"121,247",
"154,299",2012 Port Security Grant - Marion Tactical Command Vehicle,"262,500",
"154,060",Edward Byrne Memorial Justice Assistance Grant (JAG),"19,229",
"154,060",State Justice Assistance Grant (JAG),436,
"153,681",FDLE Edward Byrne Memorial Justice Assistance Grant for Gunfire Detection and Location Program,"35,000",
"153,540",Bulletproof Vest Partnership,,"20,567"
"153,537",Law Enforcement Vehicle Grant,"31,993",
"152,740",BULLETPROOF VESTS (20218-5214),"2,450",
"152,740",BULLETPROOF VESTS (20224-5214),"3,205",
"152,727",Byrne Grant,"61,764",
"152,715",Texas Department of Transportation Commercial Motor Vehicle Selective Traffic Enforcement Program,"26,242",
"152,715",Texas Department of Transportation Comprehensive Selective Traffic Enforcement Program,"148,097",
"152,689",BJA Bulletproof Vest Partnership FY12,"1,739",
"152,634",JUVENILE ACCOUNTABILITY GRANT,"20,410",
"152,511",Bulletproof Vest Program,"3,136",
"152,511",Federal Motor Carrier Safety Administration/Basic & Incentive Project,"33,622",
"152,511",Federal Motor Carrier Safety Administration/Targeting Aggressive Cars & Trucks,"21,329",
"152,420",Port Security Grant,"42,245",
"152,385",Bulletproof Vest Partnership Program matching funds,"10,705",
"152,300",Federal Port Grant #2009-PU-T9-K052 (25% match),"22,905",
"152,283",JAG Grant,"5,000",
"152,259",Match Requirement for City of Anniston / CCDTF 2011 & 2012 Byrne JAG Grant - 11DJ-01-009 &amp; 10-DJ-01-003,"34,503",
"152,207",Edward Byrne Memorial JAG Grant #2013-JAGD-LAKE-4-D8-108,"5,548",
"152,163",Edward Byrne Justice Assistance Grant 10-DJ-01-026,"40,000",
"152,149",OJP Bulletproof Vest Partnership,"1,141",
"152,144",OJP Bulletproof Vest Partnership,"1,838",
"152,058",Bullet Proof Vest Grant,"5,589",
"152,049",HMGP 1794-0023 WIND RETROFIT  - POLICE STATION,"5,600",
"151,933",Office of Criminal Justice,"5,099","3,950"
"151,850",US Department of Justice-Bureau of Justice Assistance Program (BJA) Bulletproof Vest Partnership Program (BVP),"15,805",
"151,782",MULE,"71,639",
"151,731",BVP,"2,680",
"151,561",Bulletproof Vest Partnership,"1,255",0
"151,448",ME. Bureau of Highway Safety - 2013 Radar - 2 Stalker Radars,,"1,990"
"150,947",Edward Byrne Memorial Justice Assistance Grant (JAG),"170,376",
"150,915",PSIC FY07,"1,765",
"150,420",PSGP Grant #8PSGP05 for 2 GETAC B300 Rugged Notebooks,,"2,838"
"150,345",COPS   Technology,701,
"150,345",COPS Technology,"76,518",
"150,307",REIMB#2-08-94-2119,,"65,044"
"150,259",Byrne-JAG,"150,796",
"150,199",Safe and Successful Youth Initiative,"22,027",
"150,199",Shannon Community Safety Initiative Anti-Gang Grant,"3,336",
"150,121",FMCSA High Priority Grant,"7,181",
"150,064",State Medicaid Fraud  Control Units,,"35,556"
"150,005",2012 - DOJ/SBI - NC ISAAC Personnel Support,,"25,115"
"150,005",Biometrics ID Project,"50,750",
"150,005",DOJ - Combating Prescription Drug Diversion - 2011,"2,996",
"150,002",2012 COPS Hiring Program  Grant #2012ULWX0034,"1,918",
"149,979",Edward Byrne Memorial Justice Assistance Grant,"21,640",
"149,974",Byrne/JAG Matching Grant,"211,458",
"149,945",2009 Port Security,,"120,365"
"149,945",2012 Port Security,,"25,354"
"149,945",Human Trafficking,,"6,823"
"149,938",State Justice Institute  - Organization Readiness Assessment,"5,000",
"149,884",ARRA,"169,473",
"149,848",2009 MILWAUKEE PORT SECURITY GRANT,,"40,000"
"149,776",GOVERNORS CRIME COMMISSION - DOMESTIC VIOLENCE INVESTIGATOR,"22,435",
"149,776",GOVERNORS CRIME COMMISSION - HIGHWAY SAFETY GRANT,"13,811",
"149,768",Match for Byrne Jag Grant (Purchase of Body Wire),,309
"149,705",Governor's Highway Safety Program-DWI/Seat Belt Enforcement,"27,842",
"149,636",Cal-EMA Interoperable Emergency Communications Program,"5,193",
"149,621",Arizona Criminal Justice Commission,"70,079",
"149,620",DOJ Bureau of Justice Assistance-Bulletproof Vest Partnership,550,
"149,588",2012 Port Security Grant / EMW-2012-PU-00036-S01,,"10,188"
"149,531",Byrne JAG Grant,"2,993",
"149,523",USDA Rural Development Community Facilities (CF) Grant,"7,977",
"149,464",HIDTA Columbia Task Force Grant (HID13HC),"19,550",
"149,464",HIDTA Hazard Task Force Grant (HID13HH),"19,950",
"149,430",Dept. of Justice - Bulletproof Vest Program,,"2,829"
"149,420",VOCA-NC-2010-JosephineCo.DAVAP-00003,"3,497",
"149,384",COPS Hiring Grant- Local Match Requirement,"30,093",
"149,355",ACJC Byrne/JAG,"49,202",
"149,313",US Department of Justice-Bullet Proof Vest Program,"10,884",
"149,273",US DOJ BULLET PROOF VEST PROGRAM,"1,405",
"149,248",City of Waltham's FY13 hard cash matching contribution to participate in the Suburban Middlesex County Drug Task Force.,"15,600",
"149,235",Governor's Highway Safety Program,,"14,058"
"148,980",Cops Hiring Program,"167,471",
"148,918",STOP Grant,"42,689",
"148,862",ARIZONA CRIMINAL JUSTICE COMMISSION,"24,762",
"148,644",Bulletproof Vest Grant - Matching Funds                                             -,607,
"148,644",Edward Byrne/JAG Grant - #13-A2609AD1 - Two-Way Radio - Two (2) radio repeaters,"4,232",
"148,644",Edward Byrne/JAG Grant - #13-C2127AD11 - In Car Video Systems,872,
"148,621",Safer Street Grants,"4,548",
"148,533",Edward Byrne Grant,199,
"148,533",Governor's Highway Safety Program,"49,592",
"148,451",NC Governor's Highway Safety Program - Traffic Safety Initiative Grant,"7,691",
"148,041",Bulletproof Vest Partnership,"5,939",
"148,015",J07-023 Justice Assistance Grant awarded to District 23 Drug and Violent Crime Task Force,"5,681",
"147,957",VIDEO IN-CAR CAMERA (GRANT - $8736.30),"1,371",
"147,769",Byrne Jag Grant #12-G1223LO11,16,
"147,683",Sheriff Cruiser CF Grant,"16,162",
"147,419",Nebraska Office of Highway Safety,"4,357",
"147,418",Bullet Proof Vest Partnership (BVP2008),305,
"147,366",KCIP,"202,058",
"147,366",Port Security,"123,749",
"147,224",Victim Assistance Program C11-7-015,957,
"147,224",Victim Assistance Program C12-7-016,"4,503",
"147,086",CY2012 JAG GRANT / DLEF GRANT,"2,231",
"146,802",50/50 Vehicle Matching Grant from NC Rural Center,"25,000",
"146,762",GDOT Clean Air Grant,"12,560",
"146,683","CJD: Sexual Assault, Domestic Violence & Stalking Liaison Officer Grant",,"33,786"
"146,569",Palms Consulting Grant for Vehicles and Equipment (Jag Grant),,"2,800"
"146,569",Palms Consulting Grants for Hiring Officers,,"2,200"
"146,056",LLEBG 2000-LX-BX-2029,"7,552",
"145,823",Interoperable Emergency Communication Grant (25% match),,251
"145,823",Port Security '08 Grant (25% match),,"5,753"
"145,823",Port Security '09 Grant (25% match),,"1,584"
"145,341",BJA VEST PARTNERSHIP PROGRAM,"3,705",
"145,303",Byrne Grant (Ocmulgee Drug Task Force),"15,000",
"145,289","Metro Gang Task Force FY2009 Edward J Byrne Memorial JAG (ARRA) Program, Grant #29-JR-05e-57-1",304,
"145,108",Greene County Ace Task Force - Byrne Grant,"10,500",
"144,919",LEAP Ahead,"16,389",
"144,919",LEAP Forward,"47,669",
"144,917",JAG 2011-JG-A01-6285,"10,083",
"144,917",LEF 2011-DL-LEF-5812,"62,500",
"144,914",Bullet Proof Vest Partnership,"11,583",
"144,866",Colorado Department of Transportation Speed Mini Grant,"1,300",
"144,842",METRICH Grant Match,145,
"144,814",Summit County Drug Unit #2011-DL-LEF-5816,"83,333",
"144,814",Summit County Drug Unit #2011-JG-A01-6401,"30,844",
"144,781",EDWARD BYRNE MEMORIAL JUSTICE GRANT# 2010-JG-A01-6803,"19,762",
"144,781",OHIO DRUG LAW ENFORCEMENT GRANT# 2010-DL-LEF-5845,"8,015",
"144,781",OHIO DRUG LAW ENFORCEMENT GRANT# 2011-DL-LEF-5845,"13,141",
"144,768",Bulletproof Vest Partnership,"17,385",
"144,724",Homeland Security Grant Program,"7,099",
"144,599",Edward Byrne Memorial Justice Assistance Grant #2011-JAG-020,"48,223",
"144,580",State DUI grant (172511-521994),"1,840",
"144,549",Bullet Proof Vest Grant,"5,368",
"144,494",BJA - BULLETTPROOF VEST PARTNERSHIP,"3,050",
"144,459",MUSTANG JAG GRANT 2012,"20,908",
"144,071",Bulletproof Vest Partnership,,"46,719"
"143,793",Livescan Equipment Program,,"6,807"
"143,686",Bureau of Justice - Bullet Proof Vest,"12,332",
"143,420",Bulletproof Vest Partnership,,"3,027"
"143,159",2012 Northeast Regional Homeland Security Council - Armored Vehicle,"4,099",
"143,109",Edward Byrne Memorial Justice Assistance Grant,"12,023","2,000"
"143,108",MISSOURI DEPARTMENT OF PUBLIC SAFETY (JAG),"18,029",
"143,100",TAG Law Enforcement Task Force-Justice Assistance Grant 2011-JG-A01-6446,"32,583",
"142,992",Homeland Security - Port,,"12,108"
"142,992",Marine Enforcement Unit,,"165,654"
"142,783",Sheriff Overtime via OCJS #2011-JG-LLE-5218,"1,111",
"142,714",ICJIA Interagency Agreement #409019,"21,683",
"142,707",VOCA,"1,693",
"142,341",NET Byrne Grant for balance over the 50/50 match for the Grant Program Positions,"120,736","12,403"
"142,187",Edward Byrne Memorial Justice Assistance Grant,"475,185",
"142,187",Victims of Crime Act (VOCA) Grant,"14,494",
"142,138","Fringe benefits (TMRS, FICA & W/C) matching funds expenses for FY 2012 TxDOT Step Comprehensive Grant.","15,926",
"142,089",EDWARD BYRNE MEMORIAL JAG GRANT #2012-JAGC-LAKE-8-C4-102,214,
"142,089",EDWARD BYRNE MEMORIAL JAG GRANT #2012-JAGD-LAKE-7-C5-059,972,
"142,047","2012 Local Law Enforcement Block Grant (lightbar, kevlar gloves, video camera)","1,382",
"141,908",byrne jag grant,"33,672",
"141,864",Bullet Proof Vest Grant,781,
"141,862",BJA Bulletproof Vest Partnership FY10,"1,097",
"141,862",BJA Bulletproof Vest Partnership FY11,697,
"141,833",REIMB#2-08-94-2119,,"72,705"
"141,824",Bulletproof Vests (20213-5214),"12,776",
"141,758",Federal Motor Carrier Safety Administration/Basic & Incentive Project,"55,665",
"141,758",Federal Motor Carrier Safety Administration/Targeting Aggressive Cars & Trucks,399,
"141,731",BVP,"4,900",
"141,690",Office of National Drug Control Policy - High Intensity Drug Trafficking Area,"382,619",
"141,589",SOS Grant,"12,835",
"141,476",Byrne Grant,"9,840",
"141,339",Port Security - Computer Equipment,,"5,581"
"141,339",Port Security - Printing costs Maritime Homeland Security Flyer,,"1,067"
"141,339",Port Security - Protective Gear,,"1,562"
"141,339",Port Security - Surveillance Cameras & Equip.,,"25,450"
"141,339",Port Security - Vehicle Outfitting,,"1,417"
"141,339","Port Security - Vessel Supplies - Propellers, hitch",,320
"141,339",Port Security -Travel & Training,,562
"141,077",FREP1F9-FRE034-11-2008 Urban Area Security Initiative (UASI) Grant,"34,798",
"140,829",ARRA Grant,"106,021",
"140,818",Bullet Proof Vest Partnership,"1,260",
"140,702",EDWARD BYRNE MEMORIAL JUSTICE ASSISTANCE GRANT,"13,249",
"140,643",Houston & Galveston Area Council (HGAC) - Radio Console Upgrade,"34,398",
"140,255",Connecticut D.O.T. Grant for regional crime scene van (five towns),"12,267",
"139,958",BYRNE/JAG Grant,"8,966",
"139,648",BJA Grant Match,864,
"139,648",CRI Grant Match,"1,390",
"139,492",MULE,"260,995",
"139,466",Meth Training/Crime Mapping 2010-JG-A02-6251,"7,655",
"139,458",City of Waltham's FY11 hard cash matching contribution to participate in the Suburban Middlesex County Drug Task Force.,"15,600",0
"139,444",NC Governor's Highway Safety Program (Squad Video Cameras),"11,799",
"139,420",FMCSA High Priority Grant Match,"20,183",
"139,394",Edward Byrne Memorial Justice Assistance Grant (JAG),"145,249",
"139,352",G.R.E.A.T. Grant,0,0
"139,332",OCJP,"23,954",
"139,332",USDHS-FEMA,"52,249",
"139,326",NC ISAAC Fusion Center,,"30,146"
"139,326",combating prescription drug diversion,375,
"139,211",Bulletproof Vest Partnership Grant 2008,29,
"139,187",Ballistic Vest Partnership (BVP) Grant,"204,944",
"139,178",HIDTA Columbia Task Force Grant (HID12HC),"18,985",
"139,178",HIDTA Hazard Task Force Grant (HID12HH),"20,000",
"139,028",Radio Grant 408705,"1,590",
"138,948",Department of Health and Human Services - Medicaid Fraud Control Units,"2,467",
"138,924",Safer Streets Grant,"3,254",0
"138,885",Byrne JAG Local Law Enforcement Services Grant,"1,111",
"138,776","2006 Port Security Grant Program, Charleston County Sheriff's Office Marine Response Watercraft Sustainment Project",,"14,969"
"138,640",Edward Byrne Memorial Justice Assistance Grant,"80,468",
"138,636",Byrne JAG,"134,829",
"138,617",Byrne JAG Grant,"1,812",
"138,606",State Medicaid Fraud Control Units,,"19,400"
"138,522",Edward Byrne Justice Grant,"3,400",
"138,522",Governor's Highway Safety Program,"32,398",
"138,485",Dept of Justice Ballistic Vest Program; CFDA 16.607; 50% of 18 ballistic vests,,"3,343"
"138,481",Byrne/JAG Matching Funds,"82,566",
"138,468",2007 Port Security,,"9,794"
"138,468",2009 Port Security,,"18,159"
"138,468",New Replacement Body Armor FY 10,,"132,872"
"138,412",Governor's Highway Safety Program,"35,891","2,546"
"138,412",Rural Law Enforcement Grant,,"55,310"
"138,361",Dept. of Homeland Security-Port Security Grant Program-Emergency Response Vehicle,"11,959",
"138,284","Port Security Grant Match, Project Under PSGP Grant 8PSG05","49,066",
"138,245",COPS Technology,"144,521",
"138,220",Edward Byrne Memorial Justice Assistance Grant (JAG) Program CFDA#16.738,"11,762",
"138,130",16th Judicial District Prosecuting Attorney Drug Task Force JAG Grant J11-001,"9,973",
"138,076",NC Governor's Highway Safety Program - Traffic Safety Initiative Grants,"22,297",0
"138,069",Governor's Highway Safety Program Grant,"5,250",
"138,012",Justice Assistance Grant,702,
"138,012",Massachusetts Municipal Hiring Grant,117,
"138,012",State 911 Training and Equipment Grant,"2,020",
"137,768",COPS HIRING GRANT,"14,100",
"137,656",Byrne Grant/Upgrade portable radios and accessories,597,
"137,656",Department of Criminal Justice Services Grant/Mobile Radios-Narrow banding,"3,482",
"137,650",BYRNE GRANT (OCMULGEE DRUG TASK FORCE),"15,000",
"137,482",2011 Byrne Grant,"8,040",
"137,466",BYRNE JAG MARKED PATROL VEHICLE,"7,410",
"137,408",Bullet Proof Vest Partnership,"40,388",
"137,408",Homeland Security for portable radios,636,
"137,302",Byrne Justice Assistance Grant #11F1223LO10,,347
"137,097",2011 JAG Program 2011-DJ-BX-2783 (Two cruisers purchased),"9,718",0
"137,091",Bulletproof Vest Partnership Grant 2011-2013,"4,493",
"137,053",In-Car Camera Grant,"4,200",
"136,903",Bulletproof Vest Partnership Program,"9,590",
"136,902",LLEBG,"8,719",
"136,829",50% matching grant for Bullet Proof Vest,"5,542",
"136,687",Illinois Criminal Justice Information Authority Police Equipment Grant#406868,5,2
"136,656",Boat Supplies,453,
"136,656",Camera Purchase,"25,959",
"136,656","Camera Update, truck cap, GPS","5,378",
"136,656",Equipment Warranty,"5,223",
"136,656",Federal Law Enforcement Training,"6,824",
"136,656",Laptops,"33,144",
"136,656",PPE Equipment,"10,592",
"136,656",Port Security Grants - Vessel Shipping,"1,916",
"136,656",Screen for Camera System and Radio Parts,777,
"136,656",Software,"2,711",
"136,656",Truck Vault and Misc. Vehicle Add-ons,"1,149",
"136,656",Vehicle Purchase,"8,394",
"136,655",2008 - 2011 Port Security Grant,"8,843",
"136,654",Federal Law Enforcement Training,"5,338",
"136,654","Port Security Grants -all items below: Maxa Beam Searchlight","29,400",
"136,649",KCIP,"133,848",
"136,494",Bullet Proof Vest Partnership  (BVP2008),"3,033",0
"136,425",LLEBJ - JAG GRANT THROUGH STATE OF MISSOURI,"1,371",
"136,082",Victim Assistance Program  C10-7-016  CFDA # 16.575,876,
"136,082",Victim Assistance Program  C11-7-015  CFDA # 16.575,"5,383",
"135,944",Bullet Proof Vest Initiative,,"6,210"
"135,918",2009 Bullet Proof Vest Partnership,"16,020",
"135,794",U.S. Department of Justice Jag Grant,"8,185",
"135,650",South Central Drug Task Force,"3,000",
"135,622","VICTIM ASSISTANCE GRANT, COUNTY SEXUAL ASSAULT NURSE EXAMINER PROJECT (SANE)",,"11,316"
"135,521","Lawrence Drug/Major Crimes, Lawrence County Prosecutor Victim Advocacy","16,733",
"135,516",09-DX-9027,"10,293",0
"135,280",Bulletproof Vest Partnership,,"18,868"
"135,165",BVP GRANT,"2,519",
"135,165",MISSOURI LLEBG GRANT,719,
"135,033",HSEM Port Security 2008 Grant   CFDA 97.056,"15,000",
"135,001",LAWRENCE DRUG AND MAJOR CRIMES TASK FORCE,"2,500",
"134,954",Metro Gang Task Force FY2009 Edward J Byrne Memorial JAG (ARRA) Program 29-JR-05e-57-1,81,
"134,927",Local Law Enforcement Block Grant (FY2011 Megan's Law Grant),"4,194",
"134,879","Colorado Automobile Theft Prevention Authority (CATPA) Grant required match. The CATPA grant funded the purchase of six Automated License Plate Readers for the Boulder Police Department (PD), Boulder County Sheriff's Office, Erie PD, Lafayette PD, Longmont PD, and the Louisville PD.  The grant required a cash match of $2467.","2,467",
"134,865",Byrne/JAG,"10,500",
"134,841",Port Security 2009 Grant (25% match),0,"27,975"
"134,771",Edward Bryne Memorial Justice Grant Multi-Jurisdictional Gang-Drug,"13,912",
"134,767",BULLET PROFF GRANT MATCH,"46,819",
"134,767",CHEMISTRY ENHANCEMENT GRANT MATCH,"42,334",
"134,766",Edward Bryne Memorial Justice Grant Multi-Jurisdictional Gang-Drug,"31,300",
"134,765",Justice Assistance Grant Drug Interdiction Program (from Washington State Department of Commerce),"112,811",
"134,717",FY2010 Ohio Drug Law Enforcement Fund,"83,334",
"134,626",CY2011 JAG GRANT / DLEF GRANT,"6,450",
"134,599",L.E.A.P. Ahead,"11,539",0
"134,599",L.E.A.P. Forward,"16,523",0
"134,598",ARRA Omaha Gun Violence Reduction Initiative 09-DX-9017,"52,512",0
"134,547","Office of Justice Assistance-- FY 2010 Homeland Security Program Grant Award.  Used to purchase a Lenco Bearcat Armored Vehicle (Cost was $260,052 with $200,000 in grant funds and $60,052 in seized funds).","60,052",0
"134,531",Ohio Criminal Justice Services - JAG Grant,"5,380",0
"134,442",TREASURER OF MAHONING COUNTY - LOCAL MATCH JAG GRANT #2010-JG-LLE-5315,"1,605",
"134,341",MUSTANG JAG GRANT 2011 #2010-JAG-007,"12,359",
"134,005",City and County of Denver,"6,104",
"133,945",Auto Theft Task Force Grant,250,250
"133,945",Bullet Proof Grant,"4,618","4,618"
"133,945",Violence Against Women Act (VAWA),"10,520","10,520"
"133,789",Bulletproof Vest Partnership,"11,235",
"133,786",BULLETPROOF VEST PARTNERSHIP,"1,885",
"133,728",South Carolina State Treasurer - Meth Lab,"8,241",
"133,597",Bullet Proof Vest Partnership,"1,332","13,136"
"133,519",community policing grant match,"1,496",
"133,350",Summit County Drug Unit #2010-DL-LEF-5816,"79,890",
"133,350",Summit County Drug Unit #2010-JG-A01-6401,"30,097",
"133,240",Edward Byrne Memorial Justice Grant,"15,322",
"133,240",Ohio Justice of Criminal Justice Grant,"9,958",
"133,185",Byrne Justice Assistance Grant- RSAT,"2,500",
"133,086",NC Governor's Crime Commision Grant- Viper Radios,"37,619",
"133,048",Domestic Violence Grant - 2009-WF-VA2-8525,"59,592",
"132,925",San Antonio Urban Area Security Initiative,"70,589",
"132,826",BRYNE/JAG,"27,540",
"132,699",Preble County In-Car Video Project,999,
"132,435",ICJIA Interagency Agreement #809119,"26,806",
"132,191",Department of Health,"6,750",
"132,115",Glades Area Junior Golf & Academic Excellence Program,,"1,483"
"132,115",Port of Palm Beach - Homeland Security Port Security Grant,,"40,385"
"132,037",Bureau of Justice Assistance - Bullet Proof Vest Grant,,"2,958"
"132,029",Byrne Jag Grant - 09-DR-01-030,"30,000",
"131,913",COPs Grant (2010-UMWX-0075),,"56,400"
"131,874","Fringe benefits (TMRS, FICA and Workers Comp) matching fund expense for FY 2011 TxDOT STEP Comprehensive Grant.","17,983",
"131,823",Edward Byrne Memorial Justice Assistance Grant,"136,854",
"131,823",Victims of Crime Act (VOCA) Grant,"15,632",
"131,821",BYRNE GRANT,"42,592",
"131,781",NET Byrne Grant for balance over the 50/50 match for the NET Program Positions,"64,454","2,686"
"131,740",Bulletproof Vest Grant,"8,203",0
"131,638",2009-DJ-BX-1441 - SURVEILLANCE EQUIPMENT UPGRADE,123,
"131,600",Secure Our Schools,"115,749",0
"131,590",BYRNE JAG GRANT,"2,638",0
"131,578",BULLETPROOF VESTS (20213-5214),"1,799",
"131,566",Justice Assistance Grant (JAG)(Bryne),"114,685",
"131,496",Alabama Department of Economic & Community Affairs/Bulletproof Vest Program,"96,973",
"131,496",Domestic Nuclear Detection Office/Southeast Transportation Corridor Pilot,315,
"131,496",Federal Motor Carrier Safety Administration/Basic & Incentive Project,"106,704",
"131,496",Federal Motor Carrier Safety Administration/Targeting Aggressive Cars & Trucks,126,
"131,483",Office of National Drug Control Policy - High Intensity Drug Trafficking Area,"397,969",
"131,331",ARRA Grant,"12,473",
"131,305",City of Anniston/CCDTF - Byrne Jag Grant,"114,575",0
"131,152",JAG Edward Byrne,"5,886",
"131,067",EDWARD BYRNE MEMORIAL JAG GRANT #2010-DJ-BX-1532,825,
"130,920",Crime Lab 2006 Congressional Mandate,877,
"130,920",DART10,"12,275",
"130,920",General Victim Service 10,"6,963",
"130,904",FEMA 1595-16R (Hurricane Shutter Grant),"15,292",
"130,868",JAT Juvenile Assessment Team Program,,"159,717"
"130,868",Juvenile Firesetter  Match,,"175,000"
"130,781",BVP,"7,490",
"130,776",Bulletproof Vest Program,,"4,300"
"130,645",Bureau of Justice - Bullet Proof Vests,"12,588",
"130,643",Bullet Proof Vest Grant,453,"3,350"
"130,622","USDA Community Facilities-Economic Impact Initiative New Police Vehicle and K9 Grant",,"16,000"
"130,622",USDA Community Facilities-Economic Impact Initiative New Police Vehicle and K9 Grant,208,
"130,380",State of Oklahoma Victims of Crime Assistance 10-078,"2,050",
"129,939",BJA ballistic vest grant program,"3,190",
"129,567",Port Security Grant FY 2007,"2,106",
"129,383",Byrne Justice Assistance Grant,209,
"129,269",OCJP,"37,706",
"129,269",US DEPARTMENT HS,"10,000",
"129,269",USDOJ,"4,714",
"129,222",Domestic Violence Investigator Grant VARA-2009-1009,"14,869",0
"129,163",South Carolina Municipal Insurance Trust (In-car video systems),"1,886",
"129,115",State gang intervention & suppression grant (082-1-07-002-BH-463),"27,267",
"129,107",Child Support Enforcement,"46,455",
"129,099",Edward Byrne Memorial Justice Assistance Grant  (2009-JAG-004),"295,179",
"129,079",FY 07 Public Safety Interoperable Comm Grant #02140-71115-244,,"26,511"
"129,065",2007 Port Security,"24,970",
"129,065",FFY 2007 PSIC,"99,250","99,250"
"129,065",Gun Task Force Support,"14,617",
"129,065",New/Replacement Body Armor,"25,009","25,009"
"129,036",Byrne/JAG Grant Match - Protective Vest Program,370,
"129,000",Statesville/Iredell Gang Initiative,"4,212",
"128,990",Byrne Jag,"131,434",
"128,973",LE/COPS Methamphetamine Initiative,862,
"128,963",Motorola Communication Inc,"83,355",
"128,959",Bulletproof Vest Partnership,"4,985",635
"128,871",Safety Data Improvement Program (SADIP),"29,433",
"128,871",Tact Enforcement & Research/Evaluation,"17,969",
"128,867",Forward Looking Infrared (FLIR) - Grant match amount,"73,249",
"128,854",Radio Grant #407705,"1,749",
"128,794",2007 COPS Technology Grant,"53,576",0
"128,769",Byrne Justice Assistance Grant 08-DJ-04; Statewide Marijuana Eradication Task Force,"4,082",
"128,769",Justice Assistance Grant 2008-DJ-BX-0361; Various Projects,"28,789",
"128,769",Justice Assistance Grant 2009-DJ-BX-0354; Project DEEP Impact,444,
"128,716",Sexual Assault Response Team Grant from CalEMA,"3,500",
"128,693",Governor's Crime Commission: Victim Assistance Grant,"3,500",
"128,662",Bulletproof Vest Partnership Grant-2008,"3,904",
"128,437",16th Judicial District Prosecuting Attorney Drug Task Force JAG Grant JR10-001,"20,513",
"128,384",REIMB#2-08-94-2119,,"128,373"
"128,200",Information Security and Analysis Center (ISAAC) Fusion Center,,"20,030"
"128,200",Meth Precursor Reporting System,"11,611",
"128,200",Uniform Crime Reporting,283,
"128,186",JAG 10 K & Under Equipment 09-DJ-084 Interview Recording System,775,156
"128,169",Byrne/JAG,"99,061",
"128,103",Edward Byrne Memorial Justice Assistance Grant,"53,286",
"128,074",Day One  - Grants to Encourage Arrest Policies and Enforcement of Protection Orders Grant Program - (GTEAP),"1,213",
"127,821",Gang Initiative Grant,,"7,281"
"127,768",NC Governor's Highway Safety Program - Traffic Safety Initiative Grant,"15,194",
"127,708",Byrne Justice Assistance Grant #10-E1223LO09; Criminal Justice Systems Improvement Grant #11-C5842CR09,"8,394","4,552"
"127,642",2010-JG-A02-6251 (Meth Training),"3,155",
"127,585",Shannon Anti-Gang State Community Safety Initiative Grant,"25,000",
"127,564",MULE ARRA,"206,756",
"127,359",JAG Recovery 2009-SB-B9-0735 (SH0903),"3,355",
"127,022",Homeland Security- $12293.74    JAG Grant- $24140.00,"36,434",
"127,000","JAG (Justice Assistance Grant), WSP Contract #C110248FED, Authorized through the Washington State Department of Commerce","142,180","27,082"
"126,950",Edward Byrne Memorial Justice Assistance Grant (JAG) Program CFDA #16.738,"3,486",0
"126,734",Homeland Security Grant,"17,690",0
"126,711",BYRNE/JAG,"20,000",
"126,621",USDA AND STATE SEIZURE FUNDS,"4,771",
"126,482",50 % match to Governors Highway Safety program for in-car cameras,"10,000",
"126,478",National Highway Traffic Safety Administration 408 Funds,"4,275",
"126,187",2008-2011 Port Security Grant,"34,312",
"126,144",OJPUSDOJ.GOV BVP,380,
"126,090",DNA Efficiency,,942
"126,090",KCIP,,"107,378"
"126,040",Victim Assistance Program C09-7-016  CFDA # 16.575,962,
"126,040",Victim Assistance Program C10-7-016  CFDA # 16.575,"4,820",
"125,935",Bullet Proof Vest Partnership (BVP),"3,525",
"125,833",Il Criminal Justice Information Authority Police Equipment Grant#406868,,"2,340"
"125,659",Edward Byrne Memorial Justice Assistance Grant (JAG),"4,451",
"125,138",JAG Grant - 2009-JG-A02-6275,"19,670",
"124,769",psn,"20,000",0
"124,637",Grant Matches (172511-521842),"9,183",
"124,549",Drug Court,,"1,010"
"124,337",ARRA Grant,"4,895",
"124,181",Recovery Act - State Victim Assistance Formula Grant Program 16.801,"13,012",
"123,971","Edward Byrne Memorial Justice Assistance Grant - Police received $79,184 from the Department of Justice, Officer of Justice Programs Edward Byrne Memorial Justice Assistance Grant. A cash match of $1,273 is required to accept this grant.","1,273",
"123,971",Homeland Security Grant match for CopLink - Matching funds paid to Boulder County Sheriff's Office for 2010 grant award and any non-grant funded costs.,"3,124",
"123,890",Metro Gang Task Force/FY 2009 Edward J. Byrne Memorial JAG (ARRA)               Program 29-JR-05e-57-1,"4,558",
"123,881",2009 Byrne Memorial Recovery Act Grant 2009-RA-E01-2219,"20,030",
"123,862",2009 SOS Grant,"18,961",
"123,862",DASNY Grant,"5,586",
"123,812",N. Dupage Grant,6,2
"123,812",N. Human Trafficking Task Force Grant,"1,123",353
"123,812",N. Project Safe Neighborhood Grant,460,145
"123,684",JAG GRANT MATCH 2009JG-LLE-5315 15%,800,
"123,684",MARINE PATROL GRANT MATCH 25%,"5,379",
"123,667",Justice Assistance Act Grant,"10,500",
"123,613",Cash Match for the USDA Rural Emergency Responders Grant for the purchase of Law Enforcement Vehicles,"12,164","12,318"
"123,595",Ohio Criminal Justice Services - Drug Law Enforcement Fund Grant,"84,591",
"123,595",Ohio Criminal Justice Services - JAG Grant,"27,340",
"123,513",Performance Partnership,"100,000",
"123,484",Justice Assistance Grant Drug Interdiation Porgram (from Commerce),"365,296",
"123,481",2007 Port Security Grant (US Department of Homeland Security),,"20,000"
"123,451",Juvenile Accountability Block Grant Program - Youth Gang Prosecutors,"16,645",
"123,451",Violence Against Women Act,"39,291",
"123,406",BULLETPROOF VEST PARTNERSHIP,,"5,693"
"123,373","American Recoveryu & Re-Investment Act (ARRA), Edward Byrne Memorial Justice Assistance Grant, JAG 09-017 and JAG 10-017",687,
"123,344",2nd Judicial District Drug Task Force JAG 10-008,"6,000",
"123,321",South Central Drug Task Force,"3,000",
"123,259",Byrne JAG â?? Video Recording of Statements,516,
"123,213",FY2007 - JAG,"6,935",
"123,162",MAHONING VALLEY JAG UNIT,"7,412",
"123,065",CY2010 JAG GRANT,"4,616",0
"122,909",JAG Grant,"4,391",
"122,881",Summit County Drug Unit #2009-DL-LEF-5816,"62,470",
"122,881",Summit County Drug Unit #2009-JG-A01-6401,"47,721",
"122,756",2009-JG-A01-6539,"6,000",
"122,644",Bryne/JAG,"4,998",0
"122,627",OJP BULLETPROOF VEST PARTNERSHIP,"7,113",
"122,553",High Performance Data Modem Grant - Ohio Department of Public Safety - Subgrant# 2009-JG-E01-6700,"28,494",
"122,532",FY08 Port Security Grant Program,"5,154",
"122,490",State of Oklahoma Victims of Crime Assistance 09-078,"2,426",
"122,373",Clinton County Mobile IJIS  Grant #: 2009-RA-E01-2225,,"60,081"
"122,364",OJP BJA Bulletproof Vest Partnership Grant,,"9,564"
"122,275",US Department of Justice-Bullet Proof Vest Program,"13,150",
"122,057",Local Law Enforcement Block Grant,"8,690",
"122,056",BJA (VEST PARTNERSHIP GRANT),"3,400",
"121,985",Lawrence Drug/Major Crimes TF,"5,500",
"121,792","Tri-County Information Sharing Grant through Trumbull, Mahoning & Ashtabula Co","19,300",
"121,673",Methamphatmine Initiative Grant,"75,484",
"121,497",2007 Supplemental Port Security Grant Program (Department of Homeland Security),,"4,393"
"121,299",ICJIA Interagency Agreement #407019,"22,675",
"121,211",Byrne Justice Assistance Stimulus Grant Program,"26,104",
"121,201",Department of Justice Bulletproof Vest Grant,"3,063",0
"121,195",Glades Area Junior Golf & Academic Excellence Program,,"12,727"
"121,195",US Dept. Homeland Security Port Security Grant for Port of Palm Beach District's Vessel - Prevention/Detection Project,"172,551",
"121,119",NET Byrne Grant for balance over the 50/50 match for the NET Program Positions,"57,118","4,967"
"121,102",BYRNE GRANT,"32,944",
"120,923",ARRA 2009 JAG Grant,"5,000",
"120,901",Border Crime Initiative ,"535,775","317,555"
"120,899",Edward Byrne Memorial Justice Assistance Grant,"77,891",0
"120,899",Victims of Crime Act (VOCA) Grant,"16,851",0
"120,897",Office of National Drug Control Policy - High Intensity Drug Trafficking Area,"372,479",
"120,758",BULLETPROOF VESTS (20200-5214),"5,977",
"120,758",SECURE OUR SCHOOLS S.O.S. (20186-6451),"34,696",
"120,701",BJA FY09 Recovery Act Edward Byrne Memorial Justice Assistance Grant Award #2009-SB-B9-2086,"17,777",
"120,641",BYRNE/JAG GRANT,"3,701",
"120,630",Justice Assistance Grant 2010-JAGD-COLL-1-4Y-051,,"2,975"
"120,629",Impaired Driving Mobilization Program Grant,,"15,000"
"120,629",Selective Traffic Enforcement Program Grant,,"68,106"
"120,465",BYRNE JAG GRANT ,"23,267",
"120,457",detcog,"2,341",
"120,407",Byrne Grant,"25,039",
"120,389",Byrne JAG #09-DJ-01-149,503,
"120,266",Secure Our Schools,"115,749",
"120,002",Byrne/JAG Formula Grant,"161,923",
"119,993",JUVENILE FIRESETTER MATCH,,"175,000"
"119,965",Bullet Proof Vest Program,,"9,370"
"119,932",Cash Match JAB,"7,550",
"119,846",USDA K9 Grant,"3,223",
"119,828",Management Fee's,331,
"119,750",Bureau of Justice Assistance,,"8,463"
"119,715",GCC ENHANCED VICTIMS SERVICES,"2,220",
"119,680",COPS Step Secure our Schools,110,
"119,680",General Victim Direct Services,"30,286",
"119,680",Law Enforcement DART Officers,"10,398",
"119,532",JAG,"30,354",0
"119,530",Bullet Proof Vest Grant,,"10,508"
"119,255",DRUG CONTROL/SYSTEM IMPROVEMENT  08-DJ-01-015,"8,464",
"119,214","Statesville Iredell Gang Initiative",,"11,698"
"119,191",Byrne-JAG,"23,992",
"118,985",BYRNE GRANT (OCMULGEE DRUG TASK FORCE),"15,000",
"118,885",Port Security Grant FY 07,"77,573",
"118,718","Portable radio's, grant program matching funds","2,360",
"118,462",Byrne JAG Matching Grant,"10,000",
"118,440",Municipal Narcotics Task Force Grant,"6,307",
"118,270",GOVERNOR'S HIGHWAY SAFTEY PROGRAM GRANT,"16,551",
"118,134",Governor's Highway Safety Program,"148,547",
"118,134",Safety Data Improvement Program (SADIP),"20,959",
"118,134",Tact Enforcement & Research/Evaluation,"20,830",
"118,133",Network Enhancement Grant,"97,034",
"118,130",2007 Port Security Grant - FLIR,"5,000",
"118,130",2007 Port Security Grant - Mobile Command Unit,,"162,500"
"118,130",2007 Port Security Grant - Multi-Threat Detection System,400,
"118,130",2008 Port Security Grant - Anti-Exposure Floatation Suits,840,
"118,130",2008 Port Security Grant - SONAR,"9,250",
"118,111",2009 GANG RESISTANCE EDUCATION AND TRAINING GRANT,"5,393",0
"118,083",REIM#2-08-94-2119,,"83,906"
"118,065",Byrne Task Force,205,
"118,065",Community Policing,289,
"118,065",FBI Task Force,201,
"118,065",G.R.E.A.T.,"5,806",
"118,065",Justice Assistance Grant,243,
"118,065",State Shannon Anti-Gang,"1,383",
"118,065",Traffic Enforcement/OUI,127,
"117,896",Day One,"2,569",
"117,892",Statesville/Iredell Gang Initiative,,"13,664"
"117,807",COPS Homeland Security Overtime Matching Grant (2003OMWX0146) - Prior Year,"64,337",
"117,740",Edward Byrne Memorial Justice Assistance Grant,"16,625",
"117,709",GA STATE UNIVERSITY FOUNDATION - GILEE PROGRAM,"5,000",
"117,652",BERC RE-ENTRY GRANT MATCH,"4,444",0
"117,652",PORT SECURITY GRANT MATCH,"73,485",0
"117,639",Edward Byrne Memorial Justice Assistance Grant 2007-JAG-032,"42,109",0
"117,600",Bulletproof Vest Partnership Grant- 2008,"1,724",
"117,582",2005-VT-BX-0019 Anti-Human Trafficking Grant Program,,"31,380"
"117,581",2005-VT-BX-0019 Anti-Human Trafficking Grant Program,,"45,432"
"117,530",Byrne Justice Assistance Grant 08-DJ-04; Statewide Marijuana Eradication Task Force,"2,493",
"117,530",Justice Assistance Grant 2006-DJ-BX-1149; Online Training,"4,593",
"117,530",Justice Assistance Grant 2007-DJ-BX-0651; Various Projects,"72,434",
"117,530",Justice Assistance Grant 2008-DJ-BX-0361; Various Projects,"41,655",
"117,530",Justice Assistance Grant 2009-DJ-BX-0354; Project DEEP Impact,117,
"117,529",Southern Nevada Human Trafficking Task Force,"18,904","4,150"
"117,444",Digital Evidence Storage Area,"104,591",
"117,444",Information Security and Analysis Center (ISAAC),"15,338",
"117,444",Meth Precursor Reporting System,352,
"117,432",Byrne/JAG,"81,841",
"117,408",GHSO- Stop Stimulus Grant,"15,649",
"117,408",OCJP- Justice Assistance Grant,"25,000",
"117,408",USDOJ- Stop Grant,"24,503",
"117,406",EDWARD BYRNE MEMORIAL JUSTICE ASSISTANCE GRANT #06-007,0,"5,556"
"117,379",Bryne Memorial Justice Assistance Grant Program,"5,688",
"117,288",NC Governor's Crime Commission - Gang Initiative Grant,"13,808",
"117,288",NC Governor's Highway Safety Program - Traffic Safety Initiative Grant,"10,675",
"117,256",2007 COPS Technology Grant,"105,408",
"117,248",State Gang Intervention & Suppression Grant (082-1-107-001-BN-306),"26,929",
"117,244",C.O.D.E.,"21,925",
"117,244",M.U.L.E.,"147,666",
"117,244",M.U.L.E. ARRA,"52,543",
"117,244",R.A.P.,"32,739",
"117,242",2007 Port Security,"2,996",
"117,242",Electronic Traffic Information Exchange,910,
"117,242",Licensing & Firearms Automated Crosscheck,"8,860",
"117,206",2006 Justice Assistance Grant,"5,187",
"117,206",2007 Bulletproof Vest Grant,7,
"117,206",2008 Bulletproof Vest Grant,"3,618",
"117,189",406005-JAG GRANT,527,
"117,005",16th Judicial District Prosecuting Attorney Drug Task Force JAG Grant JR 09-001,"16,366",
"116,969",2008 Byrne Memorial Justice Assistance Grant Program,"26,600",
"116,944",Cardiac Science Corp. - AED,"9,050",
"116,942",Byrne Memorial Justice Assistance Grants,210,"12,109"
"116,933",Child Support Enforcement,"18,382",
"116,929",Edward Byrne Memorial Justice Assistance Grant,"8,810",
"116,921","Bullet Proof Vest Partnership Program, CFDA 16.607",,"3,750"
"116,842",Bulletproof Vest Grant,"2,684",
"116,795",Byrne JAG Grant (Ocmulgee Drug Task Force),"11,834",
"116,738",Weed & Seed Grant #2007-WSQ7-0003,"6,460",
"116,516",Multi Jurisdictional Task Force B09-7-005  CFDA # 16.738,"15,194",
"116,516",Victim Assistance Program C08-7-020  CFDA # 16.575,"4,302",
"116,516",Victim Assistance Program C09-7-016  CFDA # 16.575,"4,038",
"116,158","Port Security Grant","4,265",
"116,059",Edward Byrne Memorial Justice Assistance Grant (JAG) Program CFDA #16.738,"2,440",0
"116,033","Port Security Equipment Grant, WSP Contract #C070212FED with the Department of Homeland Security - 25% match","38,750",391
"115,916",BYRNE JAG,"1,000",
"115,480",Edward Byrne Memorial Justice Assistance Grant,"13,231",
"115,371",Local Law Enforcement Officer Safety Equipment Program,"6,053",0
"115,330",DNA Efficiency,,"25,332"
"115,330",KCP Grant,"6,630","34,784"
"115,265",Drug Court Grant,,957
"115,192","FFY 05/06 Justice Assistance Grant #405856 Local Law Enforcement, Officer Safety Equipment Program (2 MDC's)","2,357",
"115,144",block grant matching for laptops,"8,172",
"114,879","Byrne/JAG, Expanding Multi-Jurisdictional Narcotic Units","6,091",
"114,768",COPS Community Information Technology Grant,"174,913",
"114,768",COPS Vest Grant,"5,296",
"114,718",Bullet Proof Vest Partnership (BVP),"1,757",
"114,554",VAW GRANT - 09112-ARRASP,"3,958",
"114,438",Justice Assistance Grant Drug Interdiction Program (from Commerce),"195,027",
"113,729","2005 Jag Grant",25,0
"113,729",Human Trafficking Task Force Grant,"3,621",0
"113,729","Project Safe Neighborhood Grant","1,657",0
"113,729","Weed & Seed Grant",389,0
"113,602",LCLE (B05-2-012),"8,330",
"113,601",LCLE (B07-2-007),,"33,931"
"113,601",LCLE (B08-2-007),"11,123",
"113,532",BJA VEST PARTNERSHIP GRANT (50% MATCHING),"3,400",
"113,444",South Central Drug Task Force,"3,000",
"113,243",Drug Task Force 290M570/290MR04,"348,185",
"113,171",Edward Bryne Justice Assistance Grant Formula Program (2008-JG-A01-T9894),"19,400",
"113,083",Homeland Security Grant,"3,000",
"113,083",Recovery Act Edward Byrne Memorial Justice Assistance Grant ,"6,683",
"112,987",Justice Assistance Act Grant,"10,500",
"112,934","2008 Sex Offender Sentencing, Monitoring, Apprehending,Registering, and Tracking (SMART) Grant","4,906",
"112,927",JAG Byrne Memorial Grant for Drug Task Force,"1,905",
"112,907",BERLIN LAKE MARINE PATROL GRANT,"7,471",0
"112,892",ARRA JAG 09-008 (2nd Judicial Dist. Drug Task Force),"10,000",
"112,823",Edward Bryne Memorial JAG,,"12,800"
"112,823",Edward Bryne Memorial JAG ,,"38,250"
"112,823",MOSMART,,"44,692"
"112,823",Secure Our School Grant,,"55,996"
"112,731",USDA Rural Emergency Responders Grant,,"1,434"
"112,705",Bullet Proof Vest Partnership,552,
"112,570",Metro Gang Task Force/FY 2009 Edward J. Byrne Memorial JAG (ARRA) Program 29-JR-05e-57-1 ,"70,003",
"112,570",Metro Gang Task Force/FY2008 Edward J. Byrne Memorial JAG Program 28-DJ-01-24-17,"3,098",
"112,569",Bullet resistant vest program,"1,163",
"112,546",Juvenile Accountability Block Grant - Youth Gang Prosecutors,"14,858",
"112,399","American Recovery and Reinvestment Act (ARRA), Edward Byrne Mem. Justice Assist.","5,645",
"112,236",FY2008 Coverdell Grant,"6,733",
"112,133",DRUG CRIMES INVESTIGATION GRANT,"5,572",
"112,035",TAG LAW ENFORCEMENT TASK FORCE,"27,000",
"111,974",Byrne Justice Assistance Grant and ,,"73,085"
"111,918",2007 COPSTECH Grant,,"10,198"
"111,918",Bullet Proof Vest Grant,,"12,053"
"111,918",State Justice Assistance Grant,"23,073",
"111,830",FY2008 Port Security Grant,"72,293",0
"111,630",Local Law Enforcement Block Grant (FY2009 Megan's Grant),"3,936",
"111,323",JAG BYRNE,"34,853",
"111,308",JAG / Multi-Jurisdictional Narcotics Task Force Program,"13,180",
"110,965",Byrne Justice Assistance Grant,,"23,460"
"110,904",FY08 Port Security Grant Program,"7,081",
"110,792",Byrne Grant,"7,320",
"110,641",Byrne Grant,,"104,060"
"110,405",ICJIA Interagency Agreement #406019,"18,742",
"110,347",Glades Area Junior Golf & Academic Excellence Program,,"12,301"
"110,201",USDA RURAL DEVELOPEMENT COMMUNITY FACILITIES GRANT OPERATION FIDO K9,"3,478",
"110,136",Multi Jurisdictional Task Force  B07-7-022,"6,926",
"110,136",Victim Assistance Program C06-7-019,883,
"110,136",Victim Assistance Program C07-7-020,"5,446",
"110,020",Office of National Drug Control Policy - High Intensity Drug Trafficking Area,"333,001",
"109,899",Nebraska Crime Commission 08-DR-3011,"2,071",
"109,801",Edward Byrne Memorial Justice Assistance Grant,"123,409",0
"109,801",Victims of Crime Act (VOCA) Grant,"15,143",0
"109,798",BULLETPROOF VESTS (20195 & 20200),"2,966",
"109,782",El Paso County Border Crime Initiative / Grant 1986002,"333,240",0
"109,509",Byrne Grant,"3,720",
"109,388",FEMA Hazardous Mitigation Grant GPD Headquarters,"42,656",
"109,377",ADECA - Byrne Funds Grant - City of Anniston / Calhoun Cleburne Co Drug & Violent Crime Task Force,"106,962",
"109,333",Juvenile Fire Setters Match,,"190,000"
"109,153",Grants,"44,222",
"109,139", Byrne Grant- Village Initiative,"10,592",
"109,095",Port Security Grant FY 06,"31,800",
"108,956",Comprehensive Selective Traffic Enforcement Program Grant,,"8,935"
"108,956",North Texas Anti-Trafficking Task Force,,"50,000"
"108,929",Bulletproof Vest Partnership,"6,613",
"108,653",Byrne/JAG Formula Grant Program ,"142,188",
"108,580",Mugshot Interface Program,"1,000",
"108,549",JAG Recovery Colorado Division of Criminal Justice 28-DJ-01-7-17,"4,017",
"108,536",Bullet Proof Vest Partnership Grant,"2,429",
"108,381",BERC RE-ENTRY GRANT MATCH,"6,156",0
"108,264",Bureau of Justice Assistance,,"21,081"
"107,999",Southwest Task Force - Matching grant,"40,655","4,958"
"107,780",Municipal Narcotics Task Force Grant,"2,086",
"107,775",Justice Assistance Grant Drug Interdiction Program (from Commerce),"78,445",
"107,742",DRUG CONTROL SYSTEM IMPROVEMENT,"7,337",
"107,682",Edward Byrne Memorial Grant,,"224,237"
"107,138",DOJ - Secure our Schools,"221,980",
"107,138",DOJ- Bullet proof vests,"13,968",
"107,138",JABG-TN Commission on Child & youth,"1,953",
"107,138",JAG - Cops in School,"25,000",
"107,052",Cyber Crimes Task Force Grant,"8,408",0
"107,052",Internet Cyber Crimes Grant,"2,421",0
"107,052",Weed and Seed Grant,"6,950",0
"107,042",Child Support Enforcement,"23,468",
"106,949",CVISN Grant,"48,373",
"106,949",Commercial Motor Vehicle Inspections (CMV),1,
"106,949",Criminal Justice Information Network (CJIN),179,
"106,949",Governor's Highway Safety Program,"95,675",
"106,949",Safety Data Improvement Program (SADIP),"63,708",
"106,893",Byrne Justice Assistance Grant 07-DJ-06; Statewide Marijuana Eradication Task Force,"19,748",
"106,893",Byrne Justice Assistance Grant 08-DJ-04; Statewide Majijuana Eradication Task Force,"5,115",
"106,893",Justice Assistance Grant 2005-DJ-BX-0570; Various projects,"54,055",
"106,893",Justice Assistance Grant 2008-DJ-BX-0361; District 5 Gang Busters,"16,034",
"106,871",Baltimore Regional Pawn Database Sharing System,"5,955",
"106,871","Criminal Investigative Data Mining Application Program, CIDMAP",,"24,069"
"106,867",Federal Motor Carriers CVISN Grant,"38,172",
"106,864",Edward Byrne Memorial Justice Assistance Grant,"30,852",
"106,806",Byrne/JAG,"83,547",
"106,768",Byrne-JAG,"91,406",
"106,756",Federal Motor Carrier CVISN Grant,"21,764",0
"106,742","Technical Reconstruction Case and Records Management Database System (HSIP Flex Funding)","2,032",
"106,695",CODE GRANT,"22,204",
"106,695",MULE GRANT,"276,437",
"106,695",RAP GRANT,"93,989",
"106,693",2007 COPS Technology Grant,"30,009",
"106,672",Southern Nevada Human Trafficing,"27,565","6,622"
"106,545",Gun Violence Reduction FY 2008,"1,889",
"106,525","SHIELD GRANT = 30,543/GANG GRANT = 10,341",,"40,884"
"106,473",2006 BulletProof Vest Partnership,"1,212",
"106,473",2006 Justice Assistance Grant,"5,000",
"106,473",2007 BulletProof Vest Partnership,"7,943",
"106,473",2008 bulletProof Vest Partnership,910,
"106,417",Bullet Proof Vest Partnership Grant,,"11,160"
"106,397",Bulletproof Vests,,"8,800"
"106,389",VICE Enhancement Grants,,"5,069"
"106,373",State Gang Intervention & Suppression Grant (082-1-107-001-BN-306),"29,007",
"106,327",Traffic Safety Equipment,"2,298",
"106,295",Secure Our Schools Grant,"202,745",
"106,224",JAG Grant 8001-8J,"6,622",
"106,200",District Attorney #18,"2,936",
"106,172",Byrne Justice Assistance Grant,"45,427",
"106,172",Byrne Justice Assistance Grant,"78,378",
"106,170",Byrne Justice Assistance Grant,"45,427",
"106,137",2007 Byrne Memorial Justice Assistance Grant Program,"27,500",
"106,045",Public Safety Interoperative Communications grant,"14,473",
"106,015",404605,"27,926",
"105,986",Child Passenger Safety Grant,347,
"105,986",Governor's Highway Safety Bureau Traffic Enforcement Grant,"2,689",
"105,986",Statewide Emergency Training Board Grant,294,
"105,934",BYRNE JAG,"2,617",
"105,901",A.B.A.G. - City Wide Speed Limit Survey,"26,667",
"105,860",Byrne JAG Grant,"14,601",
"105,756","Governor's Crime Commission Gang Enforcement, Prevention and Interdiction Grant","3,551",
"105,727","EDWARD BYRNE MEMORIAL LOCAL L.E. ASSISTANCE FORMULAR GRANT PROGRAM USED ON OUR WEB MAJOR CRIMES TASK FORCE.",,171
"105,663",DNA Database Enhancement,"43,691",
"105,663",Digital Evidence Storage Area,"1,610",
"105,663",Enhancement Validations on-line verified Electronically (EVOLVE),79,
"105,663",Information Securities and Analysis Center (ISAAC) Personnel grant,"4,002",
"105,663",Information Securities and Analysis Center (ISAAC) grant,"19,715",
"105,651","Drug, Gang, and Violent Crime Control (Byrne/JAG Cycle 22)","65,854",
"105,651","Drug, Gang, and Violent Crime Control (Drug Prosecution Grant)","30,997",
"105,645",Edward Byrne Memorial Justice Assistance Grant  (2007-JAG-003),"29,115",
"105,528",North Carolina Governor's Crime Commission - Gang Initiative Grant ,,"14,665"
"105,484",10 Radar Units for Patrol Dodge Chargers,"4,290",0
"105,484",2 Motorcycle Helmets for Parks & Recreation Deputies ,"1,129",0
"105,484",2 Radar Units for BMW 1200 Motorcycles,"1,105",0
"105,484",BMW Model 1200 Motorcycles for Patrol,"12,932",0
"105,484",Carolina Traffic Devices for Traffic stops and check points,"1,284",0
"105,452",Bulletproof vest partnership,"1,250",
"105,229",JAG 28-DJ-01-25-22,"16,573",
"105,133","JAG (Justice Assistance Grant), WSP Contract #C080050FED, Authorized through the Washington State Community Trade & Economic Development Agency","152,501",
"105,133","Port Security Equipment Grant, WSP Contract #C070212FED with the Department of Homeland Security - 25% match","28,856",
"105,131",Bullet Proof Grant (matching grant),"6,528",
"105,046",JAG 27-DJ-01-25-21,"16,573",
"105,032",Byrne Memorial Justice Assistance Grant Program,,"4,500"
"104,758", Multi Jurisdictional Narcotics Task Force,,"3,153"
"104,543",Edward Byrne Memorial Justice Assistance Grant,"11,735",0
"104,387",Bullet Proof Vest Partnership (BVP),"37,028",
"104,321",DNA Efficiency,"3,726",0
"104,321",KCP Grant,"54,083","42,006"
"104,248",Public Safety Interoperability Communications (PSIC) Grant,"17,085",
"103,929","Byrne/JAG, Expanding Multi-Jurisdictional Narcotics Units","6,457",
"103,478",Braille Domestic Incident,358,
"103,281",Secure our schools grant 2007,"33,287",
"103,136",NCO4898930 (DCJS #) License Plate Reader,"5,833",
"102,915",NYS DCJS video recording grant,727,
"102,847",Vehicle Grant from ADECA,"2,000",
"102,785",Central Alabama Drug Task Force  (Grant # 08-DJ-01-005),"99,000",
"102,734",Drug Court Grant,,"1,119"
"102,599",Justice Assistance Grant,"1,000",
"102,209",Edward Byrne Justice Assistance Grant Formula Program (2007-JG-A01-6286),"25,530",
"102,011",Metro Gang Task Force/Edward Byrne Memorial JAG Program 27-DJ-01-24-16,"32,472",
"101,989",Justice Assistance Act Grant,"10,500",
"101,983",GAS MASK FILTER GRANT,"3,948",
"101,831",Drug Task Force 290M570,"213,884",
"101,794",Justice Assistance Grant,"43,200",
"101,725",2007 Cops Tech Grant,"35,031",
"101,725",Bullet Proof Vest Grant,"3,500",
"101,725",JAG Grant,"1,971",
"101,700",Missouri Int. Cyber Crime Grant,"19,657",
"101,677",JAG/Byrne JG-A01-6539,"5,000",
"101,624",Criminal Justice Institute Matching Grant - Used for purchase of In-Car Ticket Writing Equipment,"1,748",
"101,584",Byrne Grant 2007-2008,"53,667",0
"101,546",Bulletproof Vest Grant,"1,680",
"101,546",ICJI-JAG Grant,419,
"101,515",Bulletproof Vest Partnership,"6,800",0
"101,500",Byrne Grant 2007-JG-A01-6401,"50,000",
"101,489",ICJIA/Multi-Jurisdictional Drug Prosecution Grant,"30,000",
"101,454",Edward Byrne Memorial Justice Assist (JAG subgrant 08-017),"7,053",
"101,422",VIDEO RECORDING OF STATEMENTS GRANT,"4,952",
"101,347",Bulletproof Vest,481,0
"101,210",DUI COURT GRANT,"62,874",0
"101,173",Electronic Citation System Equipement Grant,"1,748",
"101,171",BOAT  PATROL GRANT,"6,642",0
"101,168",Local Law Enforcement Block Grant (FY2008 Megan's Law Grant),"3,918",
"101,165",South Central Drug Task Force,"3,000",
"101,066",  Not applicable,0,0
"100,993",BYRNE JUSTICE ASSISTANCE GRANT #BJ05916132,"30,000",0
"100,973",Big City/Big County Operation Pullover Grant - 25% matching for amendment to grant for Electronic Citation System Equipment Grant.,"4,545",
"100,933",National Criminal History Improvement,"7,140",
"100,913",Maine Bureau Highway Safety Watchguard In Cruiser Video Grant ,,"3,200"
"100,911",JAG-Byrne Memorial Grant for Drug Task Force,"1,905",
"100,819",DRUG CONTROL & SYSTEM IMPROVEMENT 06-DJ-01-021,"16,000",
"100,695",Justice Assistance Grant,"3,231",
"100,549",Livescan Implementation WI OJA Grant Number 2007-NC-01-3341,"3,379",0
"100,484",Not Applicable,0,0
"100,409",National Highway Traffic Safety Administration Electronic Citation System PT-08-04-01-47 Indiana State Grant,"13,985",
"100,392",Flint Area Narcotics Group (F.A.N.G.),"50,000",0
"100,307",-,0,0
"100,277","N/A",0,
"100,192",Not Applicable,0,
"100,181",Not Applicable,0,0
"100,106",Not applicable,0,0
"100,045",                                    ********** Not Applicable **********,,
"100,035",COPS Universal Hiring,,"538,155"
"100,026",Not applicable,0,0
"100,025",ICJIA Interagency Agreement #405219,"10,440",
"99,945",The Bulletproof Vest Parternership,"2,429",
"99,917", NONE,0,0
"99,878","Drug, Gang and Violent Crime Control (Byrne/JAG Cycle 21) Grant","64,261",
"99,878","Drug, Gang and Violent Crime Control (Drug Prosecution Grant)","32,722",
"99,695",CJIN Mobile Data Network Support,"20,319",
"99,695",GHS TRACS Project,"209,656",
"99,695",Safety Data Improvement Project,"5,030",
"99,667", N/A,0,
"99,656",Human Trafficking,"4,350",0
"99,655",Human Trafficking,"45,650",0
"99,637",Missing & Abducted Children,"2,505",
"99,630",N/A ,0,0
"99,621",Office of National Drug Control Policy - High Intensity Drug Trafficking Area,"298,824",0
"99,617",Byrne Grant,"35,223",
"99,617",HIDTA,"6,646",
"99,513","ADECA - Byrne Funds Grant  - City of Anniston/Calhoun Co Drug Task Force","353,011",0
"99,497",Edward Byrne Memorial Justice Assistance Grant,"66,383",
"99,497",Victims of Crime Act (VOCA) Grant,"7,511",
"99,492",Bullet Proof Vest Partnership,"3,193",
"99,471",2008 90/10 DIGITAL CAMERAS,959,0
"99,471",2008 90/10 IN-CAR CAMERA SYSTEMS,"2,565",0
"99,453",  N/A,0,0
"99,419",Federal Seized Assets,"13,500",0
"99,409","Department of Justice, Office of Justice Programs, Bulletproof Vest Partnership (BVP)","1,458",
"99,396", N/A,0,0
"99,382",COPS Universal Hiring,"17,508",0
"99,381",Bulletproof Vest Partnership Program,"2,068",0
"99,377",Edward Byrne Memorial Justice Assistance Grant (for A/V Equipment),"27,977",
"99,372",Bullet Proof Vest Grant,,"11,385"
"99,314",Federal Motor Carriers Association,"8,832",0
"99,281", None,0,0
"99,233",BULLETPROOF VESTS (20184-15214),"13,683",
"99,233",BULLETPROOF VESTS (20184-5214),"13,168",
"99,233",SECURE OUR SCHOOLS (20186-6451),"30,954",
"99,232",07 DUI Enforcement Grant,"25,363",0
"99,232",FEMA Hazardous Mitigation,96,0
"99,232",Local Law Enforcement Block Grant 04 - refund of PY match,-152,0
"99,232",Tutorial Assistance At Risk Youth Grant,"6,958",0
"99,232",Violence Against Women Grant,312,0
"99,231",Child Support Enforcement,,"19,274"
"99,231",E. Byrne Justice Assistance,,"18,421"
"99,231",Gang Project Specialist,"13,889",
"99,231",Gang Resistance Education Training,,"3,562"
"99,231",Governor's Highway Safety Program,,"50,880"
"99,231",Harnett Justice Alliance,0,
"99,231",SCAPP,,"86,078"
"99,213",STOP/Violence Against Women,,"158,773"
"99,212",K-9 TASK FORCE - MATCHING PORTIONS NOT REIMBURSED BY MEMBER AGENCIES,"10,722",
"99,156",  None,0,
"99,142",    N/A,0,0
"99,141",Eastern Montana Drug Force,"32,461",255
"99,126",Not Applicable,0,0
"99,123",ADECA (2*43)(In car video cameras),"49,560",
"99,120",                    N/A,0,0
"99,079",BYRNE/JAG PASS THROUGH FROM THE IOWA OFFICE OF DRUG CONTROL POLICY,"46,808",
"98,981","Drug, Gang, and Violent Crime Control (Byrne/Jag Cycle 21) Grant","64,261",
"98,981","Drug, Gang, and Violent Crime Control (Drug Prosecution Grant)","32,722",
"98,962",North Carolina Dept. of Transportation Highway Safety Equipment Project (Matching Funds for speed Trailer),"3,000",
"98,938",Byrne Safe Neighborhoods,"20,000",
"98,938",Byrne Task Force FFY06,"30,000",
"98,938",Byrne Task Force FFY07,"25,000",
"98,938",FBI Task Force Grant,162,
"98,938",FY07 State Community Policing Grant,"9,656",
"98,938",Safe & Drug Free Schools Grant,93,
"98,938",State Community Safety Initiative to Reduce Gang & Gun Violence,44,
"98,872",DNA,0,0
"98,825",Byrne/JAG Grant,"285,500",
"98,788",Bureau of Justice Assistance,"16,491",
"98,783",BULLETPROOF VEST PARTNERSHIP,761,
"98,779","NC Department of Crime Control - Comprehensive GANG Grant Office of Justice - JAG Grant",,"26,749"
"98,743",Description Not Entered,,"8,500"
"98,649",00,0,0
"98,629",Residential Substance Abuse Treatment for State Prisoners Grant (RSAT),"22,550",
"98,591",  Byrne Grant,"6,000",
"98,582",Bullet Proof Vest Partnership Grant CFDA #16.580.013,,"2,587"
"98,582",Gang Resource Grant CFDA #16.523.001,,"12,623"
"98,568",2007/2008 Justice Assistance Grant (JAG),"78,358",
"98,545",Community Bike Policing,"3,384",
"98,545",Drug Enforcement Equipment Enhancement,"9,911",
"98,545",Electronic Traffic Information Exchange,921,
"98,545",FY 06 MEMA Homeland Security,"10,137",
"98,545",Gun Enforcement Unit,"71,440",
"98,545",Gun Violence Reduction - Homicide Unit,"11,899",
"98,545",Licensee & Firearms Automated Crosscheck,"5,619",
"98,523",Bulletproof Vest Grant,,"4,730"
"98,504",See Attached Listing,"61,146",
"98,459",Baltimore Regional Pawn Database Sharing System,"10,124",
"98,450",Southern Nevada Human Trafficking Task Force,"25,898","1,949"
"98,424",Governors's Highway Safety Grant,375,0
"98,424",Local Law Enforcement Block Grant,"2,926",0
"98,424",Local Law Enforcement Block Grant,"2,813",0
"98,366",Multi-Jurisdictional B-04-7-022,974,
"98,366",Multi-Jurisdictional B-05-7-022,"7,319",
"98,366",Multi-Jurisdictional B-06-7-001,"11,227",
"98,366",Multi-Jurisdictional B-06-7-022,"6,852",
"98,277",Bulletproof Vest Partnership,"9,203",
"98,267",Justice Assistance Grant 2005-JAG-024,"120,393",
"98,249",LCLE Apprehension Enhancement,"2,803",
"98,203",Byrne Grant 04-DB-23; Statewide Marijuana Eradication Task Force,"6,898",
"98,203",Justice Assistance Grant 2007-DJ-BX-0651; Taser Project,"50,173",
"98,200",N / A,0,0
"98,099",Interoperable Technology Grant,"300,000",
"98,090",Description Not Entered,"5,105",
"98,075","n/a",,
"98,068",Internet Cyber Crimes Grant,"2,301",0
"98,027",Byrme Grant,"4,998",0
"98,021",FEMA Hurricane Relief grant for vehicle match ,"5,799",
"98,021",Fire rescue Help Group for FLIR grant ,"1,000",
"97,989",Patrick County Mobile Data System  07-A5317CR05(2008),"33,300",0
"97,888",Bulletproof vest partnership,"1,250",
"97,748",GREAT Grant,"9,630",
"97,733",MULE (MID AND UPPER LEVEL LAW ENFORCEMENT),"130,438",
"97,699",US DOJ- BULLET PROOF VEST,"2,875",
"97,695",Byrne / Jag ,,
"97,689",GRANT#2004LBBX1160,"1,554",
"97,539",0,0,0
"97,523",VICE Enhancement Grants,,"28,045"
"97,494",Department of Justice  Bullet Proof Vest ,"2,844",
"97,476",WEED & SEED LOWER EAST SIDE YEAR 2,"7,145",0
"97,468",                                                                     N/A,0,0
"97,447",Expanding Multi-Jurisdtional Narcotics Unit Supplemental Equipment,"6,334",
"97,436",BYRNE JAG,"2,617",
"97,417",MCSAP Grant--matching-#716,"12,497",
"97,416",MCSAP Grant--matching-#716,"12,497",
"97,371",Byrne-JAG,"92,963",
"97,365",Bullet Proof Vest Partnership (BVP),"36,082",
"97,364",07 Mobile Emissions Reduction Grant - GEM Vehicle,"3,500",0
"97,335",Bullet Proof Vest Grant,"12,366",0
"97,243",Bulletproof Vest Grant,"8,658",
"97,243",Justice Assistance Grant,"35,298",
"97,217",Secure Our Schools,"1,993",
"97,215",Secure Our Schools,"236,601",0
"97,197","FY 07 Port Security Grant, FY 07 Public Safety Interoperable Communication","128,840",
"97,128",DNA Database Enhancement,"5,713",
"97,128",Enhancement Validations on-line verified Electronically (EVOLVE),"48,371",
"97,128",Information Sharing and Analysis Center (ISAAC),"15,499",
"97,128",Methamphetamine,"2,842",
"97,128",Pseudoephedrine Tracking,"17,697",
"97,128",SBI Crime Lab Information System,"73,064",
"97,128",SBI DNA Database Enhancement,"13,684",
"97,128",Title III remote,"33,130",
"97,097",Justice Assistance Grant funds issued by NC Governor's Crime Commission for gang prevention & intervention,"24,197",
"97,068",Administrative Offices of the Courts- Courtroom security,"7,346",
"97,068",DOJ- Bullet Proof Vest,"19,629",
"97,068",DOJ- Cops Secure our Schools,"3,020",
"97,068",JABG- TN Commission on Child  & Youth,798,
"97,068",JAG-Cops in School,"25,000",
"97,066",     -,0,0
"97,003","JAG (Justice Assistance Grant) Grant, WSP Contract #C080050FED, Authorized through the Washington State Community Trade & Economic Development Agency","131,899",
"96,983",DARE,"3,861",
"96,983",Non-Profit Organization,"2,414",
"96,983",Organization - Drug,"3,861",
"96,972",Byrne Justice Assistance Grant,"76,484",
"96,964",Bullet Proof Vest Partnership Program,"51,072",
"96,944",Bullet Proof Vest Program,"3,822",
"96,933",JAG Grant (2007 - 2008 grant),"45,645",
"96,901",North Carolina Governor's Highway Safety Program Grant,"6,550",
"96,734",Description Not Entered,,"19,856"
"96,713",2005 Bulletproof Vest,27,
"96,713",2006 Bulletproof Vest,"6,095",
"96,713",2007 Bulletproof Vest,643,
"96,693",District 18 Narcotics Task Force,870,
"96,663",                 N/A,0,0
"96,573",  Not applicable,0,0
"96,495","Grant #404505  15,674.65Grant #404605      5,393.00","21,068",
"96,462",EDWARD BYRNE MEMORIAL LOCAL LAW ENFORCEMENT ASSISTANCE FORMULA GRANT PROGRAM  USED ON OUR WEB MAKOR CRIMES TASK FORCE,,"2,788"
"96,423",not applicable,0,0
"96,380",HTTAPP-REACT Task Force,"41,706","48,294"
"96,266",GANG VIOLENCE GRANT,"11,518",
"96,259",In Car Video Equipment,"2,187",
"96,259",Traffic Safety Equipment,"3,629",
"96,040",2008 governer's highway saftey program,"12,985",
"94,396",cops more grant match,"3,942",
"94,396",kcip grant match,"105,487",
"93,294",Drug Control & System Improvement Formula,"1,359",
